[
  {
    "id": "b808b245-0015-4ed5-bd8a-bd9932c5c627",
    "data": [
      {
        "text": "balance for ",
        "userDefined": false
      },
      {
        "text": "Jane",
        "alias": "given-name",
        "meta": "@sys.given-name",
        "userDefined": true
      },
      {
        "text": "?",
        "userDefined": false
      }
    ],
    "isTemplate": false,
    "count": 0,
    "updated": 0
  },
  {
    "id": "a0362fce-dc29-4531-ba04-017323eb3a92",
    "data": [
      {
        "text": "what\u0027s the ",
        "userDefined": false
      },
      {
        "text": "everyday",
        "alias": "Account-type",
        "meta": "@Account-type",
        "userDefined": true
      },
      {
        "text": " balance on account ",
        "userDefined": false
      },
      {
        "text": "4454",
        "alias": "Customer-number",
        "meta": "@Customer-number",
        "userDefined": true
      },
      {
        "text": "?",
        "userDefined": false
      }
    ],
    "isTemplate": false,
    "count": 0,
    "updated": 0
  },
  {
    "id": "a0ae6bb2-12f5-40d9-8130-ed0330738280",
    "data": [
      {
        "text": "Savings",
        "alias": "Account-type",
        "meta": "@Account-type",
        "userDefined": false
      },
      {
        "text": " balance for ",
        "userDefined": false
      },
      {
        "text": "Emily",
        "meta": "@sys.ignore",
        "userDefined": false
      },
      {
        "text": "?",
        "userDefined": false
      }
    ],
    "isTemplate": false,
    "count": 0,
    "updated": 0
  },
  {
    "id": "05d02e21-95d9-4616-b25f-7c017668ae4d",
    "data": [
      {
        "text": "whats my ",
        "userDefined": false
      },
      {
        "text": "savings",
        "alias": "Account-type",
        "meta": "@Account-type",
        "userDefined": false
      },
      {
        "text": " balance?",
        "userDefined": false
      }
    ],
    "isTemplate": false,
    "count": 0,
    "updated": 0
  },
  {
    "id": "edac6c56-997c-4b1f-850d-6eaeb989e1f9",
    "data": [
      {
        "text": "Everyday",
        "alias": "Account-type",
        "meta": "@Account-type",
        "userDefined": false
      },
      {
        "text": " balance",
        "userDefined": false
      }
    ],
    "isTemplate": false,
    "count": 0,
    "updated": 0
  },
  {
    "id": "66b64289-6c75-4b67-bb0d-5808ecf5e330",
    "data": [
      {
        "text": "Savings",
        "alias": "Account-type",
        "meta": "@Account-type",
        "userDefined": false
      },
      {
        "text": " balance for ",
        "userDefined": false
      },
      {
        "text": "Jack",
        "meta": "@sys.ignore",
        "userDefined": false
      }
    ],
    "isTemplate": false,
    "count": 0,
    "updated": 0
  },
  {
    "id": "385b479d-7ec9-4a19-bf4f-c140a2d0fe60",
    "data": [
      {
        "text": "What is ",
        "userDefined": false
      },
      {
        "text": "John",
        "alias": "given-name",
        "meta": "@sys.given-name",
        "userDefined": false
      },
      {
        "text": "\u0027s balance for account ",
        "userDefined": false
      },
      {
        "text": "2222",
        "alias": "Customer-number",
        "meta": "@Customer-number",
        "userDefined": true
      },
      {
        "text": "?",
        "userDefined": false
      }
    ],
    "isTemplate": false,
    "count": 0,
    "updated": 0
  },
  {
    "id": "b9a16dbf-3e5b-4ac3-ac9a-1ae2aa5a6998",
    "data": [
      {
        "text": "Can you give me the balance for account number ",
        "userDefined": false
      },
      {
        "text": "1111",
        "alias": "Customer-number",
        "meta": "@Customer-number",
        "userDefined": true
      },
      {
        "text": "?",
        "userDefined": false
      }
    ],
    "isTemplate": false,
    "count": 0,
    "updated": 0
  },
  {
    "id": "b68e498f-5859-4873-8817-963e8468fc78",
    "data": [
      {
        "text": "My name is ",
        "userDefined": false
      },
      {
        "text": "John",
        "alias": "given-name",
        "meta": "@sys.given-name",
        "userDefined": false
      },
      {
        "text": ", can you tell me how much is my balance?",
        "userDefined": false
      }
    ],
    "isTemplate": false,
    "count": 0,
    "updated": 0
  },
  {
    "id": "f0e5fb74-cad8-42d1-a9b7-79bc61fd74f2",
    "data": [
      {
        "text": "How much money do I have in my ",
        "userDefined": false
      },
      {
        "text": "account",
        "meta": "@sys.ignore",
        "userDefined": true
      },
      {
        "text": "?",
        "userDefined": false
      }
    ],
    "isTemplate": false,
    "count": 0,
    "updated": 0
  },
  {
    "id": "d48d866e-83b7-416f-92d6-0555b9e415b3",
    "data": [
      {
        "text": "Can you give show me my balance?",
        "userDefined": false
      }
    ],
    "isTemplate": false,
    "count": 0,
    "updated": 0
  },
  {
    "id": "40d145b1-1ef3-4f31-adaf-56ba81341240",
    "data": [
      {
        "text": "What is my balance?",
        "userDefined": false
      }
    ],
    "isTemplate": false,
    "count": 0,
    "updated": 0
  }
]