[
  {
    "id": "31a0ec92-6668-4f51-8e0c-d86867592ab1",
    "data": [
      {
        "text": "Statement for ",
        "userDefined": false
      },
      {
        "text": "Jack",
        "alias": "given-name",
        "meta": "@sys.given-name",
        "userDefined": false
      },
      {
        "text": " with account ",
        "userDefined": false
      },
      {
        "text": "2415",
        "alias": "Customer-number",
        "meta": "@Customer-number",
        "userDefined": false
      }
    ],
    "isTemplate": false,
    "count": 0,
    "updated": 0
  },
  {
    "id": "4f11f97b-1a71-4f66-90be-f5bb30d840c0",
    "data": [
      {
        "text": " I need statement, my account number is ",
        "userDefined": false
      },
      {
        "text": "2143",
        "alias": "Customer-number",
        "meta": "@Customer-number",
        "userDefined": false
      },
      {
        "text": ".",
        "userDefined": false
      }
    ],
    "isTemplate": false,
    "count": 0,
    "updated": 0
  },
  {
    "id": "fb72083e-5584-4414-aeac-196085dbfff2",
    "data": [
      {
        "text": "My name is ",
        "userDefined": false
      },
      {
        "text": "John",
        "alias": "given-name",
        "meta": "@sys.given-name",
        "userDefined": false
      },
      {
        "text": ". can you give me my statement?",
        "userDefined": false
      }
    ],
    "isTemplate": false,
    "count": 0,
    "updated": 0
  },
  {
    "id": "acabcb97-2528-4f73-a3b1-fe09b51d622b",
    "data": [
      {
        "text": "Can you send my my statement?",
        "userDefined": false
      }
    ],
    "isTemplate": false,
    "count": 0,
    "updated": 0
  }
]