[
  {
    "id": "f9970c3b-dd59-4381-8e9a-07028508e3a4",
    "data": [
      {
        "text": "Transfer ",
        "userDefined": false
      },
      {
        "text": "$100",
        "alias": "unit_currency",
        "meta": "@sys.unit-currency",
        "userDefined": true
      },
      {
        "text": " from account ",
        "userDefined": false
      },
      {
        "text": "1235",
        "alias": "from_id",
        "meta": "@Customer-number",
        "userDefined": true
      },
      {
        "text": " to account ",
        "userDefined": false
      },
      {
        "text": "2034",
        "alias": "to_id",
        "meta": "@Customer-number",
        "userDefined": true
      }
    ],
    "isTemplate": false,
    "count": 0,
    "updated": 0
  },
  {
    "id": "89c00456-9ddd-4d75-a0eb-20d6b0d5364b",
    "data": [
      {
        "text": "My account number is ",
        "userDefined": false
      },
      {
        "text": "5223",
        "alias": "from_id",
        "meta": "@Customer-number",
        "userDefined": false
      },
      {
        "text": ", can I transfer some money to ",
        "userDefined": false
      },
      {
        "text": "Jonathan",
        "meta": "@sys.ignore",
        "userDefined": true
      },
      {
        "text": "?",
        "userDefined": false
      }
    ],
    "isTemplate": false,
    "count": 0,
    "updated": 0
  },
  {
    "id": "4390b751-2e73-499c-ae26-c8769939e4c2",
    "data": [
      {
        "text": "Transfer to ",
        "userDefined": false
      },
      {
        "text": "Jamie\u0027s",
        "alias": "from_name",
        "meta": "@sys.given-name",
        "userDefined": true
      },
      {
        "text": " account ",
        "userDefined": false
      },
      {
        "text": "5555",
        "alias": "to_id",
        "meta": "@Customer-number",
        "userDefined": true
      }
    ],
    "isTemplate": false,
    "count": 0,
    "updated": 0
  },
  {
    "id": "ea692163-fd1e-4074-a3c7-c6a6b4ce4f1c",
    "data": [
      {
        "text": "Transfer ",
        "userDefined": false
      },
      {
        "text": "$100",
        "alias": "unit_currency",
        "meta": "@sys.unit-currency",
        "userDefined": true
      },
      {
        "text": " to ",
        "userDefined": false
      },
      {
        "text": "Jack",
        "meta": "@sys.ignore",
        "userDefined": true
      }
    ],
    "isTemplate": false,
    "count": 0,
    "updated": 0
  },
  {
    "id": "ee444cbd-5e70-466a-9b59-8dea451d1e5c",
    "data": [
      {
        "text": "Transfer money to ",
        "userDefined": false
      },
      {
        "text": "Emma",
        "meta": "@sys.ignore",
        "userDefined": true
      }
    ],
    "isTemplate": false,
    "count": 0,
    "updated": 0
  },
  {
    "id": "b80aa08d-7585-45e5-bb42-46eff2e5cb22",
    "data": [
      {
        "text": "I want to transfer some money",
        "userDefined": false
      }
    ],
    "isTemplate": false,
    "count": 0,
    "updated": 0
  },
  {
    "id": "ad88b499-d360-4780-a2a4-708f811ff4f4",
    "data": [
      {
        "text": "Can you transfer money?",
        "userDefined": false
      }
    ],
    "isTemplate": false,
    "count": 0,
    "updated": 0
  },
  {
    "id": "54d86b6d-1899-4340-84d8-82e9f4f7adf6",
    "data": [
      {
        "text": "Transfer money?",
        "userDefined": false
      }
    ],
    "isTemplate": false,
    "count": 0,
    "updated": 0
  }
]